<powerpagecomponent powerpagecomponentid="48c7ace8-464c-44b4-8117-adaed26144be">
  <content>{
  "filecontent": null,
  "disablepagevalidation": false,
  "displayimageonly": false,
  "displayorder": 5,
  "displaypagechildlinks": false,
  "openinnewwindow": false,
  "pageid": "97f0d62e-bc32-4624-bc7d-a72380d0609b",
  "publishingstateid": "3fedcfd4-7ce7-48dd-a7da-4074395475b3",
  "robotsfollowlink": true,
  "weblinksetid": "b03b65ce-4644-49a1-934a-adb765c239c5"
}</content>
  <iscustomizable>1</iscustomizable>
  <name>Survey</name>
  <powerpagecomponenttype>5</powerpagecomponenttype>
  <powerpagesiteid>
    <powerpagesiteid>952afb3b-80e6-4b06-a52b-d28155880003</powerpagesiteid>
  </powerpagesiteid>
  <statecode>1</statecode>
  <statuscode>2</statuscode>
</powerpagecomponent>