<powerpagecomponent powerpagecomponentid="7fbb16e0-9c4f-451d-abef-28b47f318595">
  <content>{
  "filecontent": null,
  "entityname": "Feedback Survey",
  "entitylogicalname": "crf19_ristorantefeedback",
  "scope": 756150000,
  "append": false,
  "appendto": true,
  "delete": false,
  "read": true,
  "create": true,
  "write": true,
  "parentrelationship": null,
  "parententitypermission": null,
  "contactrelationship": null,
  "accountrelationship": null,
  "childTablePermissions": [],
  "adx_entitypermission_webrole": [
    "f6fab150-1ff8-4604-81f3-d6fd5243cdac",
    "d02af7aa-0f23-4357-9968-fa93b84720d9"
  ]
}</content>
  <iscustomizable>1</iscustomizable>
  <name>Feedback Survey</name>
  <powerpagecomponenttype>18</powerpagecomponenttype>
  <powerpagesiteid>
    <powerpagesiteid>952afb3b-80e6-4b06-a52b-d28155880003</powerpagesiteid>
  </powerpagesiteid>
  <statecode>0</statecode>
  <statuscode>1</statuscode>
</powerpagecomponent>