<powerpagecomponent powerpagecomponentid="ad5ad576-a1fe-43c6-8b4e-74e4a0637464">
  <content>{
  "filecontent": null,
  "copy": "&lt;div id=\"i8eajx\" data-component-theme=\"portalThemeColor7\" class=\"row sectionBlockLayout\" style=\"display: flex; flex-wrap: wrap; padding: 8px; margin: 0px; min-height: 15px;\"&gt;&lt;/div&gt;\n&lt;div data-component-theme=\"portalThemeColor1\" id=\"ik9ev\" class=\"row sectionBlockLayout text-left\" style=\"display: flex; flex-wrap: wrap; margin: 0px; min-height: auto; padding: 8px;\"&gt;\n  &lt;div id=\"ihyob\" class=\"container\" style=\"padding: 0px; display: flex; flex-wrap: wrap; column-gap: 0px;\"&gt;\n    &lt;div id=\"i06pg\" class=\"col-md-6 columnBlockLayout\" style=\"word-break: break-word; flex-grow: 1; display: flex; flex-direction: column; min-width: 300px; margin: 60px 0px; padding: 16px; width: calc(50% + 0px);\"&gt;\n      &lt;h2 id=\"i8bkl\" style=\"text-align: center;\"&gt;&lt;b id=\"irgxn\" aria-label=\"Text Contact Us Press enter to edit\" style=\"position: relative;\"&gt;Contact Us&lt;/b&gt;&lt;/h2&gt;\n      &lt;h4 id=\"iwmrxq\" style=\"text-align: center;\"&gt;We would love to hear from you! Whether you have a question, or feedback, our team is here to assist you. Get in touch with us using the contact information below or fill out the form and we will get back to you as soon as possible.&lt;/h4&gt;\n    &lt;/div&gt;\n    &lt;div id=\"ih8b0w\" class=\"col-md-6 columnBlockLayout\" style=\"word-break: break-word; flex-grow: 1; display: flex; flex-direction: column; min-width: 300px; margin: 60px 0px; padding: 16px; width: calc(50% + 0px);\"&gt;{% entityform name: 'Contact Us' %}&lt;/div&gt;\n  &lt;/div&gt;\n&lt;/div&gt;\n&lt;div id=\"itmbl\" data-component-theme=\"portalThemeColor7\" class=\"row sectionBlockLayout\" style=\"display: flex; flex-wrap: wrap; padding: 8px; margin: 0px; min-height: 15px;\"&gt;&lt;/div&gt;\n",
  "enablerating": false,
  "enabletracking": false,
  "excludefromsearch": false,
  "hiddenfromsitemap": false,
  "sharedpageconfiguration": false,
  "isroot": false,
  "rootwebpageid": "1cc85e07-3150-4eb1-96a2-e70de00a4481",
  "pagetemplateid": "086a120e-98f0-6437-43e1-23f906386485",
  "partialurl": "contact-us",
  "publishingstateid": "3fedcfd4-7ce7-48dd-a7da-4074395475b3",
  "parentpageid": "4550d6db-c76f-4336-88f3-6721dd508858",
  "feedbackpolicy": 756150000
}</content>
  <iscustomizable>1</iscustomizable>
  <name>Contact Us</name>
  <powerpagecomponenttype>2</powerpagecomponenttype>
  <powerpagesiteid>
    <powerpagesiteid>952afb3b-80e6-4b06-a52b-d28155880003</powerpagesiteid>
  </powerpagesiteid>
  <powerpagesitelanguageid>
    <powerpagesitelanguageid>acca8b8f-f1df-4fa3-b34c-1b670f82f4fa</powerpagesitelanguageid>
  </powerpagesitelanguageid>
  <searchcontent>&lt;div id="i8eajx" data-component-theme="portalThemeColor7" class="row sectionBlockLayout" style="display: flex; flex-wrap: wrap; padding: 8px; margin: 0px; min-height: 15px;"&gt;&lt;/div&gt;
&lt;div data-component-theme="portalThemeColor1" id="ik9ev" class="row sectionBlockLayout text-left" style="display: flex; flex-wrap: wrap; margin: 0px; min-height: auto; padding: 8px;"&gt;
  &lt;div id="ihyob" class="container" style="padding: 0px; display: flex; flex-wrap: wrap; column-gap: 0px;"&gt;
    &lt;div id="i06pg" class="col-md-6 columnBlockLayout" style="word-break: break-word; flex-grow: 1; display: flex; flex-direction: column; min-width: 300px; margin: 60px 0px; padding: 16px; width: calc(50% + 0px);"&gt;
      &lt;h2 id="i8bkl" style="text-align: center;"&gt;&lt;b id="irgxn" aria-label="Text Contact Us Press enter to edit" style="position: relative;"&gt;Contact Us&lt;/b&gt;&lt;/h2&gt;
      &lt;h4 id="iwmrxq" style="text-align: center;"&gt;We would love to hear from you! Whether you have a question, or feedback, our team is here to assist you. Get in touch with us using the contact information below or fill out the form and we will get back to you as soon as possible.&lt;/h4&gt;
    &lt;/div&gt;
    &lt;div id="ih8b0w" class="col-md-6 columnBlockLayout" style="word-break: break-word; flex-grow: 1; display: flex; flex-direction: column; min-width: 300px; margin: 60px 0px; padding: 16px; width: calc(50% + 0px);"&gt;{% entityform name: 'Contact Us' %}&lt;/div&gt;
  &lt;/div&gt;
&lt;/div&gt;
&lt;div id="itmbl" data-component-theme="portalThemeColor7" class="row sectionBlockLayout" style="display: flex; flex-wrap: wrap; padding: 8px; margin: 0px; min-height: 15px;"&gt;&lt;/div&gt;
Contact Us</searchcontent>
  <statecode>0</statecode>
  <statuscode>1</statuscode>
</powerpagecomponent>