<powerpagecomponent powerpagecomponentid="2ee951c5-5dbc-49c9-8985-59352ff0e898">
  <content>{"createdOn":"2024-04-26T04:53:31.207Z","parentpageid":"4550d6db-c76f-4336-88f3-6721dd508858","publishingstateid":"3fedcfd4-7ce7-48dd-a7da-4074395475b3","partialurl":"instagramlogo2.png","title":"","summary":"","enabletracking":false,"excludefromsearch":false,"hiddenfromsitemap":false}</content>
  <filecontent mimetype="image/png">instagramlogo2.png</filecontent>
  <iscustomizable>1</iscustomizable>
  <name>instagramlogo2.png</name>
  <powerpagecomponenttype>3</powerpagecomponenttype>
  <powerpagesiteid>
    <powerpagesiteid>952afb3b-80e6-4b06-a52b-d28155880003</powerpagesiteid>
  </powerpagesiteid>
  <statecode>0</statecode>
  <statuscode>1</statuscode>
</powerpagecomponent>