<powerpagecomponent powerpagecomponentid="e014fa91-36cb-4c8e-9bc9-afecd24fe34e">
  <content>{"createdOn":"2024-04-25T22:15:29.607Z","parentpageid":"4550d6db-c76f-4336-88f3-6721dd508858","publishingstateid":"3fedcfd4-7ce7-48dd-a7da-4074395475b3","partialurl":"thumbnail.css","title":"","summary":"","enabletracking":false,"excludefromsearch":false,"hiddenfromsitemap":false,"displayorder":-1}</content>
  <filecontent mimetype="text/css">thumbnail.css</filecontent>
  <iscustomizable>1</iscustomizable>
  <name>thumbnail.css</name>
  <powerpagecomponenttype>3</powerpagecomponenttype>
  <powerpagesiteid>
    <powerpagesiteid>952afb3b-80e6-4b06-a52b-d28155880003</powerpagesiteid>
  </powerpagesiteid>
  <statecode>0</statecode>
  <statuscode>1</statuscode>
</powerpagecomponent>