<powerpagecomponent powerpagecomponentid="dad1b1c2-bb50-4ab5-bc13-1bf6e9fb4468">
  <content>{"enabletracking":false,"excludefromsearch":false,"hiddenfromsitemap":false,"parentpageid":"4550d6db-c76f-4336-88f3-6721dd508858","partialurl":"Cat-PC.png","publishingstateid":"3fedcfd4-7ce7-48dd-a7da-4074395475b3"}</content>
  <filecontent mimetype="image/png">Cat-PC.png</filecontent>
  <iscustomizable>1</iscustomizable>
  <name>Cat-PC.png</name>
  <powerpagecomponenttype>3</powerpagecomponenttype>
  <powerpagesiteid>
    <powerpagesiteid>952afb3b-80e6-4b06-a52b-d28155880003</powerpagesiteid>
  </powerpagesiteid>
  <statecode>0</statecode>
  <statuscode>1</statuscode>
</powerpagecomponent>