<manifest><control namespace="BeverControls" constructor="EditableTable" version="1.1.0" display-name-key="Editable Table" description-key="Editable Grid with create, delete, save and refresh functionalities. New records are created as a new line in the grid." control-type="virtual" api-version="1.3.4"><external-service-usage enabled="false" /><data-set name="dataset" display-name-key="Dataset" cds-data-set-options="displayViewSelector:true;displayQuickFind:true" /><resources><code path="bundle.js" order="1" /><platform-library name="React" version="16.8.6" /><platform-library name="Fluent" version="8.29.0" /><css path="Styles/DatasetStyles.css" order="1" /></resources><feature-usage><uses-feature name="Utility" required="true" /><uses-feature name="WebAPI" required="true" /></feature-usage><built-by name="pac" version="1.27.5" /></control></manifest>