<powerpagecomponent powerpagecomponentid="ba44391e-0e9d-4395-a983-fdd11ebe47d0">
  <content>{"createdOn":"2024-04-26T03:24:56.260Z","parentpageid":"4550d6db-c76f-4336-88f3-6721dd508858","publishingstateid":"3fedcfd4-7ce7-48dd-a7da-4074395475b3","partialurl":"half-empty-glasses-wineresize.jpg","title":"","summary":"","enabletracking":false,"excludefromsearch":false,"hiddenfromsitemap":false}</content>
  <filecontent mimetype="image/jpeg">half-empty-glasses-wineresize.jpg</filecontent>
  <iscustomizable>1</iscustomizable>
  <name>half-empty-glasses-wineresize.jpg</name>
  <powerpagecomponenttype>3</powerpagecomponenttype>
  <powerpagesiteid>
    <powerpagesiteid>952afb3b-80e6-4b06-a52b-d28155880003</powerpagesiteid>
  </powerpagesiteid>
  <statecode>0</statecode>
  <statuscode>1</statuscode>
</powerpagecomponent>