<powerpagecomponent powerpagecomponentid="7fba236d-8d99-4f2e-a0f1-3d4990030237">
  <content>{"enabletracking":false,"excludefromsearch":false,"hiddenfromsitemap":false,"parentpageid":"4550d6db-c76f-4336-88f3-6721dd508858","partialurl":"Logo-sm-64.png","publishingstateid":"3fedcfd4-7ce7-48dd-a7da-4074395475b3"}</content>
  <filecontent mimetype="image/png">Logo-sm-64.png</filecontent>
  <iscustomizable>1</iscustomizable>
  <name>Logo-sm-64.png</name>
  <powerpagecomponenttype>3</powerpagecomponenttype>
  <powerpagesiteid>
    <powerpagesiteid>952afb3b-80e6-4b06-a52b-d28155880003</powerpagesiteid>
  </powerpagesiteid>
  <statecode>0</statecode>
  <statuscode>1</statuscode>
</powerpagecomponent>