<powerpagecomponent powerpagecomponentid="4b046911-bdfa-420c-b32a-99e600a4ad58">
  <content>{"modifiedon":"2024-04-25T22:15:20Z","displayorder":10,"enabletracking":false,"excludefromsearch":true,"hiddenfromsitemap":false,"parentpageid":"4550d6db-c76f-4336-88f3-6721dd508858","partialurl":"portalbasictheme.css","publishingstateid":"3fedcfd4-7ce7-48dd-a7da-4074395475b3"}</content>
  <filecontent mimetype="text/css">portalbasictheme.css</filecontent>
  <iscustomizable>1</iscustomizable>
  <name>portalbasictheme.css</name>
  <powerpagecomponenttype>3</powerpagecomponenttype>
  <powerpagesiteid>
    <powerpagesiteid>952afb3b-80e6-4b06-a52b-d28155880003</powerpagesiteid>
  </powerpagesiteid>
  <statecode>0</statecode>
  <statuscode>1</statuscode>
</powerpagecomponent>