<powerpagecomponent powerpagecomponentid="637264bb-f059-a00e-b381-6a9115de246a">
  <content>{
  "filecontent": null,
  "displayorder": 4,
  "weblinksetid": "b03b65ce-4644-49a1-934a-adb765c239c5",
  "pageid": "5935a931-41ea-2946-9174-19302a8a4869",
  "publishingstateid": "3fedcfd4-7ce7-48dd-a7da-4074395475b3",
  "displaypagevalidation": false,
  "displayimageonly": false,
  "displaypagechildlinks": false,
  "openinnewwindow": false,
  "robotsfollowlink": true
}</content>
  <iscustomizable>1</iscustomizable>
  <name>Menu</name>
  <powerpagecomponenttype>5</powerpagecomponenttype>
  <powerpagesiteid>
    <powerpagesiteid>952afb3b-80e6-4b06-a52b-d28155880003</powerpagesiteid>
  </powerpagesiteid>
  <statecode>0</statecode>
  <statuscode>1</statuscode>
</powerpagecomponent>