<powerpagecomponent powerpagecomponentid="bf723b35-8e66-5a6e-fdfd-6566270700d2">
  <content>{
  "filecontent": null,
  "displayorder": 8,
  "weblinksetid": "b03b65ce-4644-49a1-934a-adb765c239c5",
  "pageid": "e1af4463-e8bf-adf7-01df-95168462e37d",
  "publishingstateid": "3fedcfd4-7ce7-48dd-a7da-4074395475b3",
  "displaypagevalidation": false,
  "displayimageonly": false,
  "displaypagechildlinks": false,
  "openinnewwindow": false,
  "robotsfollowlink": true
}</content>
  <iscustomizable>1</iscustomizable>
  <name>Menu-deleted</name>
  <powerpagecomponenttype>5</powerpagecomponenttype>
  <powerpagesiteid>
    <powerpagesiteid>952afb3b-80e6-4b06-a52b-d28155880003</powerpagesiteid>
  </powerpagesiteid>
  <statecode>1</statecode>
  <statuscode>2</statuscode>
</powerpagecomponent>