<powerpagecomponent powerpagecomponentid="68efbbf9-e991-7026-c3c2-a7270dab3b74">
  <content>{
  "description": "This is the default studio template. Please do not modify.",
  "type": 756150001,
  "usewebsiteheaderandfooter": true,
  "webtemplateid": "3806f778-0d1a-4c5c-86f6-ddf527cb2653",
  "isdefault": false
}</content>
  <iscustomizable>1</iscustomizable>
  <name>Default studio template</name>
  <powerpagecomponenttype>6</powerpagecomponenttype>
  <powerpagesiteid>
    <powerpagesiteid>952afb3b-80e6-4b06-a52b-d28155880003</powerpagesiteid>
  </powerpagesiteid>
  <statecode>1</statecode>
  <statuscode>2</statuscode>
</powerpagecomponent>