<powerpagecomponent powerpagecomponentid="e3b771ba-7c81-4afe-b68e-36721d505536">
  <content>{
  "filecontent": null,
  "disablepagevalidation": false,
  "displayimageonly": false,
  "displayorder": 6,
  "displaypagechildlinks": false,
  "openinnewwindow": false,
  "pageid": "16475234-f6eb-4c35-8207-9abfe487ce41",
  "publishingstateid": "3fedcfd4-7ce7-48dd-a7da-4074395475b3",
  "robotsfollowlink": true,
  "weblinksetid": "b03b65ce-4644-49a1-934a-adb765c239c5"
}</content>
  <iscustomizable>1</iscustomizable>
  <name>Reservation</name>
  <powerpagecomponenttype>5</powerpagecomponenttype>
  <powerpagesiteid>
    <powerpagesiteid>952afb3b-80e6-4b06-a52b-d28155880003</powerpagesiteid>
  </powerpagesiteid>
  <statecode>1</statecode>
  <statuscode>2</statuscode>
</powerpagecomponent>