<powerpagecomponent powerpagecomponentid="ac40aa38-abb1-4553-9c90-304a320e548b">
  <content>{
  "filecontent": null,
  "displayorder": 2,
  "enablerating": false,
  "enabletracking": false,
  "excludefromsearch": false,
  "hiddenfromsitemap": false,
  "sharedpageconfiguration": false,
  "isroot": true,
  "feedbackpolicy": 756150005,
  "pagetemplateid": "743c5dce-a9c6-4fb7-af78-cb92b4784e8a",
  "partialurl": "menu-deleted",
  "publishingstateid": "3fedcfd4-7ce7-48dd-a7da-4074395475b3",
  "parentpageid": "4550d6db-c76f-4336-88f3-6721dd508858"
}</content>
  <iscustomizable>1</iscustomizable>
  <name>Menu-deleted</name>
  <powerpagecomponenttype>2</powerpagecomponenttype>
  <powerpagesiteid>
    <powerpagesiteid>952afb3b-80e6-4b06-a52b-d28155880003</powerpagesiteid>
  </powerpagesiteid>
  <searchcontent>Menu-deleted</searchcontent>
  <statecode>1</statecode>
  <statuscode>2</statuscode>
</powerpagecomponent>