<powerpagecomponent powerpagecomponentid="64af1d71-d6e6-708e-2b04-5de659cdc8d6">
  <content>{
  "filecontent": null,
  "displayorder": 6,
  "pagetemplateid": "086a120e-98f0-6437-43e1-23f906386485",
  "parentpageid": "4550d6db-c76f-4336-88f3-6721dd508858",
  "partialurl": "Hours-and-Location",
  "isroot": true,
  "title": "Hours and Location",
  "summary": "&lt;p&gt;This is a sample landing page designed to be a starting point for your website&lt;/p&gt;",
  "publishingstateid": "3fedcfd4-7ce7-48dd-a7da-4074395475b3",
  "enablerating": false,
  "enabletracking": false,
  "excludefromsearch": false,
  "hiddenfromsitemap": true,
  "sharedpageconfiguration": false,
  "feedbackpolicy": 756150000
}</content>
  <iscustomizable>1</iscustomizable>
  <name>Hours and Location</name>
  <powerpagecomponenttype>2</powerpagecomponenttype>
  <powerpagesiteid>
    <powerpagesiteid>952afb3b-80e6-4b06-a52b-d28155880003</powerpagesiteid>
  </powerpagesiteid>
  <searchcontent>Hours and LocationHours and Location</searchcontent>
  <statecode>0</statecode>
  <statuscode>1</statuscode>
</powerpagecomponent>