<powerpagecomponent powerpagecomponentid="e906685d-25f9-4dc6-b4be-b64c79826428">
  <content>{
  "filecontent": null,
  "disablepagevalidation": false,
  "displayimageonly": false,
  "displayorder": 2,
  "displaypagechildlinks": false,
  "openinnewwindow": false,
  "pageid": "ac40aa38-abb1-4553-9c90-304a320e548b",
  "publishingstateid": "3fedcfd4-7ce7-48dd-a7da-4074395475b3",
  "robotsfollowlink": true,
  "weblinksetid": "b03b65ce-4644-49a1-934a-adb765c239c5"
}</content>
  <iscustomizable>1</iscustomizable>
  <name>Menu-deleted</name>
  <powerpagecomponenttype>5</powerpagecomponenttype>
  <powerpagesiteid>
    <powerpagesiteid>952afb3b-80e6-4b06-a52b-d28155880003</powerpagesiteid>
  </powerpagesiteid>
  <statecode>1</statecode>
  <statuscode>2</statuscode>
</powerpagecomponent>