<powerpagecomponent powerpagecomponentid="42d821e9-5f78-4c14-862c-17a799f218aa">
  <content>{"filecontent":null,"copy":"&lt;div data-component-theme=\"portalThemeColor7\" id=\"iclrk\" class=\"row sectionBlockLayout\" style=\"display: flex; flex-wrap: wrap; padding: 8px; margin: 0px; min-height: auto;\"&gt;&lt;/div&gt;\n&lt;div id=\"im666\" class=\"row sectionBlockLayout\" style=\"display: flex; flex-wrap: wrap; padding: 8px; margin: 0px; min-height: auto;\"&gt;\n  &lt;div class=\"container\"&gt;\n    &lt;div id=\"itv1q\" class=\"col-md-12 columnBlockLayout\" style=\"flex-grow: 1; display: flex; flex-direction: column; min-width: 250px; word-break: break-word;\"&gt;\n      &lt;h2 id=\"i2n5t\" style=\"color: var(--portalThemeColor8);\"&gt;Make a Reservation&lt;br /&gt;&lt;/h2&gt;\n      {% entityform name: 'New Reservation' %}\n    &lt;/div&gt;\n  &lt;/div&gt;\n&lt;/div&gt;\n&lt;div id=\"i4ys91\" data-component-theme=\"portalThemeColor7\" class=\"row sectionBlockLayout\" style=\"display: flex; flex-wrap: wrap; padding: 8px; margin: 0px; min-height: 15px;\"&gt;&lt;/div&gt;\n","enablerating":false,"enabletracking":false,"excludefromsearch":false,"hiddenfromsitemap":false,"sharedpageconfiguration":false,"isroot":false,"rootwebpageid":"16475234-f6eb-4c35-8207-9abfe487ce41","pagetemplateid":"086a120e-98f0-6437-43e1-23f906386485","partialurl":"reservation","publishingstateid":"3fedcfd4-7ce7-48dd-a7da-4074395475b3","parentpageid":"4550d6db-c76f-4336-88f3-6721dd508858","feedbackpolicy":756150000,"customjavascript":""}</content>
  <iscustomizable>1</iscustomizable>
  <name>Reservation</name>
  <powerpagecomponenttype>2</powerpagecomponenttype>
  <powerpagesiteid>
    <powerpagesiteid>952afb3b-80e6-4b06-a52b-d28155880003</powerpagesiteid>
  </powerpagesiteid>
  <powerpagesitelanguageid>
    <powerpagesitelanguageid>acca8b8f-f1df-4fa3-b34c-1b670f82f4fa</powerpagesitelanguageid>
  </powerpagesitelanguageid>
  <searchcontent>&lt;div data-component-theme="portalThemeColor7" id="iclrk" class="row sectionBlockLayout" style="display: flex; flex-wrap: wrap; padding: 8px; margin: 0px; min-height: auto;"&gt;&lt;/div&gt;
&lt;div id="im666" class="row sectionBlockLayout" style="display: flex; flex-wrap: wrap; padding: 8px; margin: 0px; min-height: auto;"&gt;
  &lt;div class="container"&gt;
    &lt;div id="itv1q" class="col-md-12 columnBlockLayout" style="flex-grow: 1; display: flex; flex-direction: column; min-width: 250px; word-break: break-word;"&gt;
      &lt;h2 id="i2n5t" style="color: var(--portalThemeColor8);"&gt;Make a Reservation&lt;br /&gt;&lt;/h2&gt;
      {% entityform name: 'New Reservation' %}
    &lt;/div&gt;
  &lt;/div&gt;
&lt;/div&gt;
&lt;div id="i4ys91" data-component-theme="portalThemeColor7" class="row sectionBlockLayout" style="display: flex; flex-wrap: wrap; padding: 8px; margin: 0px; min-height: 15px;"&gt;&lt;/div&gt;
Reservation</searchcontent>
  <statecode>0</statecode>
  <statuscode>1</statuscode>
</powerpagecomponent>