<powerpagecomponent powerpagecomponentid="16475234-f6eb-4c35-8207-9abfe487ce41">
  <content>{
  "displayorder": 6,
  "enablerating": false,
  "enabletracking": false,
  "excludefromsearch": false,
  "hiddenfromsitemap": false,
  "sharedpageconfiguration": false,
  "isroot": true,
  "feedbackpolicy": 756150005,
  "pagetemplateid": "086a120e-98f0-6437-43e1-23f906386485",
  "partialurl": "reservation",
  "publishingstateid": "3fedcfd4-7ce7-48dd-a7da-4074395475b3",
  "parentpageid": "4550d6db-c76f-4336-88f3-6721dd508858"
}</content>
  <iscustomizable>1</iscustomizable>
  <name>Reservation</name>
  <powerpagecomponenttype>2</powerpagecomponenttype>
  <powerpagesiteid>
    <powerpagesiteid>952afb3b-80e6-4b06-a52b-d28155880003</powerpagesiteid>
  </powerpagesiteid>
  <searchcontent>Reservation</searchcontent>
  <statecode>0</statecode>
  <statuscode>1</statuscode>
</powerpagecomponent>