<powerpagecomponent powerpagecomponentid="fdb77564-bf2a-4f11-9470-76fd29d7e9ff">
  <content>{"displayorder":2,"enabletracking":false,"excludefromsearch":true,"hiddenfromsitemap":false,"parentpageid":"4550d6db-c76f-4336-88f3-6721dd508858","partialurl":"theme.css","publishingstateid":"3fedcfd4-7ce7-48dd-a7da-4074395475b3"}</content>
  <filecontent mimetype="text/css">theme.css</filecontent>
  <iscustomizable>1</iscustomizable>
  <name>theme.css</name>
  <powerpagecomponenttype>3</powerpagecomponenttype>
  <powerpagesiteid>
    <powerpagesiteid>952afb3b-80e6-4b06-a52b-d28155880003</powerpagesiteid>
  </powerpagesiteid>
  <statecode>0</statecode>
  <statuscode>1</statuscode>
</powerpagecomponent>