<powerpagecomponent powerpagecomponentid="6d35485a-fabf-4933-a7eb-900e1a031ade">
  <content>{"source":"&lt;!DOCTYPE html&gt;\r\n&lt;html lang=\"en\"&gt;\r\n&lt;head&gt;\r\n    &lt;meta charset=\"UTF-8\"&gt;\r\n    &lt;meta name=\"viewport\" content=\"width=device-width, initial-scale=1.0\"&gt;\r\n    &lt;title&gt;Ristorante Per Squadre&lt;/title&gt;\r\n    &lt;style&gt;\r\n        .footer {\r\n            font-family: 'Garamond', serif;\r\n            color: black;\r\n            padding: 20px 0;\r\n        }\r\n\r\n        .footer p {\r\n            margin: 0;  /* Removes default margin */\r\n            color: black; /* Ensures text is black */\r\n            font-size: large; /* Standard font size */\r\n        }\r\n\r\n        .footer a {\r\n            display: inline-block; /* Aligns images inline with any text */\r\n            margin-right: 5px; /* Space between icons */\r\n        }\r\n\r\n        .footer img {\r\n            width: 25px; /* Fixed width for consistency */\r\n            height: auto; /* Maintains aspect ratio */\r\n        }\r\n\r\n        .footer .col-md-3 {\r\n            text-align: center; /* Centers the content by default */\r\n            padding: 10px; /* Adds padding around each column for spacing */\r\n        }\r\n\r\n        /* Responsive adjustments for small screens */\r\n        @media (max-width: 768px) {\r\n            .footer .col-md-3 {\r\n                width: 100%; /* Each column takes full width of the screen */\r\n                display: block; /* Stacks the columns */\r\n                text-align: center; /* Centers text for all columns */\r\n                margin-bottom: 10px; /* Adds space between stacked columns */\r\n            }\r\n        }\r\n\r\n        .footer .copyright {\r\n            font-size: medium; /* Slightly smaller font size for copyright text */\r\n        }\r\n    &lt;/style&gt;\r\n&lt;/head&gt;\r\n&lt;body&gt;\r\n    &lt;footer role=\"contentinfo\" class=\"footer\"&gt;\r\n        &lt;div class=\"footer-bottom hidden-print\"&gt;\r\n            &lt;div class=\"container\"&gt;\r\n                &lt;div class=\"row\"&gt;\r\n                    &lt;div class=\"col-md-3\"&gt;\r\n                        &lt;p&gt;123 Mulberry Street, New York, NY 10013&lt;/p&gt;\r\n                    &lt;/div&gt;\r\n                    &lt;div class=\"col-md-3\"&gt;\r\n                        &lt;p&gt;(212) 555-1234&lt;/p&gt;\r\n                        &lt;p&gt;contact@ristorante.com&lt;/p&gt;\r\n                    &lt;/div&gt;\r\n                    &lt;div class=\"col-md-3\"&gt;\r\n                        &lt;a href=\"https://www.facebook.com/italyfoodrecipes/\" target=\"_blank\"&gt;\r\n                            &lt;img src=\"https://ristorantepersquadre-2deb.powerappsportals.com/fbsmall.png\" alt=\"Facebook\" style=\"width: 25px; height: auto;\"&gt;\r\n                        &lt;/a&gt;\r\n                        &lt;a href=\"https://www.instagram.com/italianfooddaily/?hl=en\" target=\"_blank\"&gt;\r\n                            &lt;img src=\"https://ristorantepersquadre-2deb.powerappsportals.com//igsmall2.png\" alt=\"Instagram\" style=\"width: 25px; height: auto;\"&gt;\r\n                        &lt;/a&gt;\r\n                    &lt;/div&gt;\r\n                    &lt;div class=\"col-md-3\"&gt;\r\n                        &lt;p&gt;&amp;copy; 2024 Ristorante Per Squadre&lt;/p&gt;\r\n                    &lt;/div&gt;\r\n                &lt;/div&gt;\r\n            &lt;/div&gt;\r\n        &lt;/div&gt;\r\n    &lt;/footer&gt;\r\n    &lt;script type=\"text/javascript\"&gt;\r\n    window.onload = function () {\r\n        const accessibilityLinkContainer = document.getElementById('accessibilityLinkContainer');\r\n        switch (window.navigator.language) {\r\n        case 'fr':\r\n            if (accessibilityLinkContainer != null) {\r\n            const accessibilityText = 'Accessibilité : partiellement conforme';\r\n            const frenchAccessibilityAnchor = document.createElement('a');\r\n            frenchAccessibilityAnchor.id = 'frenchAccesssibleLink';\r\n            frenchAccessibilityAnchor.target = '_blank';\r\n            frenchAccessibilityAnchor.href = 'https://go.microsoft.com/fwlink/?linkid=2163806';\r\n            frenchAccessibilityAnchor.title = accessibilityText;\r\n            frenchAccessibilityAnchor.innerText = accessibilityText;\r\n            accessibilityLinkContainer.appendChild(frenchAccessibilityAnchor);\r\n            }\r\n            break;\r\n        case 'it':\r\n            if (accessibilityLinkContainer != null) {\r\n            const accessibilityText = 'Accessibilità: parzialmente conforme';\r\n            const italianAccessibilityAnchor = document.createElement('a');\r\n            italianAccessibilityAnchor.id = 'italianAccesssibleLink';\r\n            italianAccessibilityAnchor.target = '_blank';\r\n            italianAccessibilityAnchor.href = 'https://go.microsoft.com/fwlink/?linkid=2208177';\r\n            italianAccessibilityAnchor.title = accessibilityText;\r\n            italianAccessibilityAnchor.innerText = accessibilityText;\r\n            accessibilityLinkContainer.appendChild(italianAccessibilityAnchor);\r\n            }\r\n            break;\r\n        default:\r\n            if (accessibilityLinkContainer) {\r\n            accessibilityLinkContainer.remove();\r\n            }\r\n        }\r\n    };\r\n    &lt;/script&gt;\r\n&lt;/body&gt;\r\n&lt;/html&gt;\r\n"}</content>
  <iscustomizable>1</iscustomizable>
  <name>Footer</name>
  <powerpagecomponenttype>8</powerpagecomponenttype>
  <powerpagesiteid>
    <powerpagesiteid>952afb3b-80e6-4b06-a52b-d28155880003</powerpagesiteid>
  </powerpagesiteid>
  <statecode>0</statecode>
  <statuscode>1</statuscode>
</powerpagecomponent>