<powerpagecomponent powerpagecomponentid="0e4f709b-c785-4c55-856d-6268762ae1be">
  <content>{"disablepagevalidation":false,"displayimageonly":false,"displayorder":1,"displaypagechildlinks":false,"openinnewwindow":false,"pageid":"4550d6db-c76f-4336-88f3-6721dd508858","publishingstateid":"3fedcfd4-7ce7-48dd-a7da-4074395475b3","robotsfollowlink":true,"weblinksetid":"b03b65ce-4644-49a1-934a-adb765c239c5"}</content>
  <iscustomizable>1</iscustomizable>
  <name>Home</name>
  <powerpagecomponenttype>5</powerpagecomponenttype>
  <powerpagesiteid>
    <powerpagesiteid>952afb3b-80e6-4b06-a52b-d28155880003</powerpagesiteid>
  </powerpagesiteid>
  <statecode>0</statecode>
  <statuscode>1</statuscode>
</powerpagecomponent>