<powerpagecomponent powerpagecomponentid="7cdcca2d-de99-40a1-a9a6-f7f35a19aa43">
  <content>{
  "powerpagesitelanguageid": "acca8b8f-f1df-4fa3-b34c-1b670f82f4fa",
  "filecontent": null,
  "display_name": "Site name",
  "value": ""
}</content>
  <iscustomizable>1</iscustomizable>
  <name>Site name</name>
  <powerpagecomponenttype>7</powerpagecomponenttype>
  <powerpagesiteid>
    <powerpagesiteid>952afb3b-80e6-4b06-a52b-d28155880003</powerpagesiteid>
  </powerpagesiteid>
  <powerpagesitelanguageid>
    <powerpagesitelanguageid>acca8b8f-f1df-4fa3-b34c-1b670f82f4fa</powerpagesitelanguageid>
  </powerpagesitelanguageid>
  <statecode>0</statecode>
  <statuscode>1</statuscode>
</powerpagecomponent>