<powerpagecomponent powerpagecomponentid="e2dc5407-da27-463e-a582-77cfea549d5a">
  <content>{
  "filecontent": null,
  "disablepagevalidation": false,
  "displayimageonly": false,
  "displayorder": 7,
  "displaypagechildlinks": false,
  "openinnewwindow": false,
  "pageid": "1cc85e07-3150-4eb1-96a2-e70de00a4481",
  "publishingstateid": "3fedcfd4-7ce7-48dd-a7da-4074395475b3",
  "robotsfollowlink": true,
  "weblinksetid": "b03b65ce-4644-49a1-934a-adb765c239c5",
  "parentweblinkid": null
}</content>
  <iscustomizable>1</iscustomizable>
  <name>Contact Us</name>
  <powerpagecomponenttype>5</powerpagecomponenttype>
  <powerpagesiteid>
    <powerpagesiteid>952afb3b-80e6-4b06-a52b-d28155880003</powerpagesiteid>
  </powerpagesiteid>
  <statecode>0</statecode>
  <statuscode>1</statuscode>
</powerpagecomponent>