<powerpagecomponent powerpagecomponentid="da56d956-d6d6-4dcc-90f9-615874ca2e78">
  <content>{
  "filecontent": null,
  "displayorder": 5,
  "enablerating": false,
  "enabletracking": false,
  "excludefromsearch": false,
  "hiddenfromsitemap": false,
  "sharedpageconfiguration": false,
  "isroot": true,
  "feedbackpolicy": 756150005,
  "pagetemplateid": "086a120e-98f0-6437-43e1-23f906386485",
  "partialurl": "about",
  "publishingstateid": "3fedcfd4-7ce7-48dd-a7da-4074395475b3",
  "parentpageid": "4550d6db-c76f-4336-88f3-6721dd508858"
}</content>
  <iscustomizable>1</iscustomizable>
  <name>About</name>
  <powerpagecomponenttype>2</powerpagecomponenttype>
  <powerpagesiteid>
    <powerpagesiteid>952afb3b-80e6-4b06-a52b-d28155880003</powerpagesiteid>
  </powerpagesiteid>
  <searchcontent>About</searchcontent>
  <statecode>0</statecode>
  <statuscode>1</statuscode>
</powerpagecomponent>