<powerpagecomponent powerpagecomponentid="21f2d9b6-5ffc-4f15-88e2-c28c3956c2b0">
  <content>{"enablerating":false,"enabletracking":false,"excludefromsearch":false,"hiddenfromsitemap":true,"isroot":true,"pagetemplateid":"2efa54f7-419f-43f7-a3c4-d5d8361c4313","parentpageid":"4550d6db-c76f-4336-88f3-6721dd508858","partialurl":"profile","publishingstateid":"3fedcfd4-7ce7-48dd-a7da-4074395475b3","sharedpageconfiguration":false,"title":"Profile"}</content>
  <iscustomizable>1</iscustomizable>
  <name>Profile</name>
  <powerpagecomponenttype>2</powerpagecomponenttype>
  <powerpagesiteid>
    <powerpagesiteid>952afb3b-80e6-4b06-a52b-d28155880003</powerpagesiteid>
  </powerpagesiteid>
  <searchcontent>ProfileProfile</searchcontent>
  <statecode>0</statecode>
  <statuscode>1</statuscode>
</powerpagecomponent>