<powerpagecomponent powerpagecomponentid="695fb552-3a60-4df1-b84d-a1b12d2d5007">
  <content>{"createdOn":"2024-04-25T22:30:14.694Z","parentpageid":"4550d6db-c76f-4336-88f3-6721dd508858","publishingstateid":"3fedcfd4-7ce7-48dd-a7da-4074395475b3","partialurl":"stuffed-pasta-near-vegetables-cheeseresized.jpg","title":"","summary":"","enabletracking":false,"excludefromsearch":false,"hiddenfromsitemap":false}</content>
  <filecontent mimetype="image/jpeg">stuffed-pasta-near-vegetables-cheeseresized.jpg</filecontent>
  <iscustomizable>1</iscustomizable>
  <name>stuffed-pasta-near-vegetables-cheeseresized.jpg</name>
  <powerpagecomponenttype>3</powerpagecomponenttype>
  <powerpagesiteid>
    <powerpagesiteid>952afb3b-80e6-4b06-a52b-d28155880003</powerpagesiteid>
  </powerpagesiteid>
  <statecode>0</statecode>
  <statuscode>1</statuscode>
</powerpagecomponent>