<powerpagecomponent powerpagecomponentid="4af3c397-4f46-4867-a7bc-28cc21947a45">
  <content>{"createdOn":"2024-04-26T05:30:22.154Z","parentpageid":"4550d6db-c76f-4336-88f3-6721dd508858","publishingstateid":"3fedcfd4-7ce7-48dd-a7da-4074395475b3","partialurl":"igsmall.png","title":"","summary":"","enabletracking":false,"excludefromsearch":false,"hiddenfromsitemap":false}</content>
  <filecontent mimetype="image/png">igsmall.png</filecontent>
  <iscustomizable>1</iscustomizable>
  <name>igsmall.png</name>
  <powerpagecomponenttype>3</powerpagecomponenttype>
  <powerpagesiteid>
    <powerpagesiteid>952afb3b-80e6-4b06-a52b-d28155880003</powerpagesiteid>
  </powerpagesiteid>
  <statecode>0</statecode>
  <statuscode>1</statuscode>
</powerpagecomponent>