<powerpagecomponent powerpagecomponentid="97f0d62e-bc32-4624-bc7d-a72380d0609b">
  <content>{
  "displayorder": 5,
  "enablerating": true,
  "enabletracking": false,
  "excludefromsearch": false,
  "hiddenfromsitemap": false,
  "sharedpageconfiguration": false,
  "isroot": true,
  "feedbackpolicy": 756150005,
  "pagetemplateid": "086a120e-98f0-6437-43e1-23f906386485",
  "partialurl": "survey",
  "publishingstateid": "3fedcfd4-7ce7-48dd-a7da-4074395475b3",
  "parentpageid": "4550d6db-c76f-4336-88f3-6721dd508858",
  "entityform": "b6eccf65-c0ba-4191-953f-2dc42436aa80"
}</content>
  <iscustomizable>1</iscustomizable>
  <name>Survey</name>
  <powerpagecomponenttype>2</powerpagecomponenttype>
  <powerpagesiteid>
    <powerpagesiteid>952afb3b-80e6-4b06-a52b-d28155880003</powerpagesiteid>
  </powerpagesiteid>
  <searchcontent>Survey</searchcontent>
  <statecode>0</statecode>
  <statuscode>1</statuscode>
</powerpagecomponent>