<powerpagecomponent powerpagecomponentid="b64de999-3dc3-4f5d-a033-526613f780b0">
  <content>{
  "enablerating": false,
  "enabletracking": false,
  "excludefromsearch": true,
  "hiddenfromsitemap": true,
  "isroot": true,
  "pagetemplateid": "086a120e-98f0-6437-43e1-23f906386485",
  "parentpageid": "4550d6db-c76f-4336-88f3-6721dd508858",
  "partialurl": "access-denied",
  "publishingstateid": "3fedcfd4-7ce7-48dd-a7da-4074395475b3",
  "sharedpageconfiguration": false,
  "feedbackpolicy": 756150000
}</content>
  <iscustomizable>1</iscustomizable>
  <name>Access Denied</name>
  <powerpagecomponenttype>2</powerpagecomponenttype>
  <powerpagesiteid>
    <powerpagesiteid>952afb3b-80e6-4b06-a52b-d28155880003</powerpagesiteid>
  </powerpagesiteid>
  <searchcontent>Access Denied</searchcontent>
  <statecode>0</statecode>
  <statuscode>1</statuscode>
</powerpagecomponent>