<powerpagecomponent powerpagecomponentid="b0b7efaa-eb14-46ca-a5b6-a30059d90c0d">
  <content>{"description":"The amount of time the Authentication/LoginThrottling/MaxInvaildAttemptsFromIPAddress are to be within before the IP address has to wait Authentication/LoginThrottling/IpAddressTimeoutTimeSpan. Default: 00:03:00 (3 mins)","value":"00:03:00"}</content>
  <iscustomizable>1</iscustomizable>
  <name>Authentication/LoginThrottling/MaxAttemptsTimeLimitTimeSpan</name>
  <powerpagecomponenttype>9</powerpagecomponenttype>
  <powerpagesiteid>
    <powerpagesiteid>952afb3b-80e6-4b06-a52b-d28155880003</powerpagesiteid>
  </powerpagesiteid>
  <statecode>0</statecode>
  <statuscode>1</statuscode>
</powerpagecomponent>