<powerpagecomponent powerpagecomponentid="a114a30e-b371-41c4-8af3-9e98e364c082">
  <content>{
  "filecontent": null,
  "lcid": 1033,
  "entityname": "crf19_ristorantefeedback",
  "formname": "Information",
  "mode": 100000000,
  "onsuccess": 756150000,
  "successmessage": "[{\"LCID\":1033,\"Value\":\"Thank you for your feedback!\"}]",
  "hideformonsuccess": true,
  "redirectwebpage": null,
  "redirecturl": null,
  "captcharequired": true,
  "showcaptchaforauthenticatedusers": true,
  "entitypermissionsenabled": true,
  "attachfilelabel": "[{\"LCID\":1033,\"Value\":\"\"}]",
  "attachfilemaxsize": null,
  "entitysourcetype": null,
  "recordidquerystringparametername": null,
  "entityFormMetadatas": [
    "0770de6a-b2be-4784-b8c0-670301ba96bd"
  ],
  "geolocation_maptype": 756150000
}</content>
  <iscustomizable>1</iscustomizable>
  <name>Ristorante Feedback main</name>
  <powerpagecomponenttype>15</powerpagecomponenttype>
  <powerpagesiteid>
    <powerpagesiteid>952afb3b-80e6-4b06-a52b-d28155880003</powerpagesiteid>
  </powerpagesiteid>
  <statecode>0</statecode>
  <statuscode>1</statuscode>
</powerpagecomponent>