<powerpagesitelanguages>
  <powerpagesitelanguage powerpagesitelanguageid="acca8b8f-f1df-4fa3-b34c-1b670f82f4fa">
    <content>{"publishingstate":"3fedcfd4-7ce7-48dd-a7da-4074395475b3","systemlanguage":1033}</content>
    <displayname>English</displayname>
    <iscustomizable>1</iscustomizable>
    <languagecode>en-US</languagecode>
    <lcid>1033</lcid>
    <name>English</name>
    <powerpagesiteid>
      <powerpagesiteid>952afb3b-80e6-4b06-a52b-d28155880003</powerpagesiteid>
    </powerpagesiteid>
    <statecode>0</statecode>
    <statuscode>1</statuscode>
  </powerpagesitelanguage>
</powerpagesitelanguages>