<powerpagecomponent powerpagecomponentid="dcef166c-93c2-4d5a-906e-00f4e098b661">
  <content>{"source":"&lt;ul class='dropdown-menu' role='menu'&gt;\r\n  {% assign ordered_languages = page.languages | order_by: 'name' %}\r\n  {% for language in ordered_languages %}\r\n    &lt;li role='menuitem'&gt;\r\n      &lt;a href='/{{ language.url_substitution | escape }}' title='{{ language.name }}' data-code='{{ language.code }}'&gt;{{ language.name }}&lt;/a&gt;\r\n    &lt;/li&gt;\r\n  {% endfor %}\r\n&lt;/ul&gt;\r\n"}</content>
  <iscustomizable>1</iscustomizable>
  <name>Languages Dropdown</name>
  <powerpagecomponenttype>8</powerpagecomponenttype>
  <powerpagesiteid>
    <powerpagesiteid>952afb3b-80e6-4b06-a52b-d28155880003</powerpagesiteid>
  </powerpagesiteid>
  <statecode>0</statecode>
  <statuscode>1</statuscode>
</powerpagecomponent>