<powerpagecomponent powerpagecomponentid="5a5a1bc2-116a-44d5-994c-98c6f6619731">
  <content>{
  "enablerating": false,
  "enabletracking": false,
  "excludefromsearch": true,
  "hiddenfromsitemap": true,
  "isroot": true,
  "pagetemplateid": "086a120e-98f0-6437-43e1-23f906386485",
  "parentpageid": "4550d6db-c76f-4336-88f3-6721dd508858",
  "partialurl": "page-not-found",
  "publishingstateid": "3fedcfd4-7ce7-48dd-a7da-4074395475b3",
  "sharedpageconfiguration": false,
  "feedbackpolicy": 756150000
}</content>
  <iscustomizable>1</iscustomizable>
  <name>Page Not Found</name>
  <powerpagecomponenttype>2</powerpagecomponenttype>
  <powerpagesiteid>
    <powerpagesiteid>952afb3b-80e6-4b06-a52b-d28155880003</powerpagesiteid>
  </powerpagesiteid>
  <searchcontent>Page Not Found</searchcontent>
  <statecode>0</statecode>
  <statuscode>1</statuscode>
</powerpagecomponent>