<powerpagecomponent powerpagecomponentid="4f8620fa-f861-7698-a54c-93e87b552072">
  <content>{"modifiedon":"2024-04-25T22:31:37Z","summary":"ORANGE_DESCRIPTION","publishingstateid":"3fedcfd4-7ce7-48dd-a7da-4074395475b3","partialurl":"ORANGE-1.scss","parentpageid":"4550d6db-c76f-4336-88f3-6721dd508858"}</content>
  <filecontent mimetype="application/octet-stream">ORANGE%20(1)</filecontent>
  <iscustomizable>1</iscustomizable>
  <name>ORANGE (1)</name>
  <powerpagecomponenttype>3</powerpagecomponenttype>
  <powerpagesiteid>
    <powerpagesiteid>952afb3b-80e6-4b06-a52b-d28155880003</powerpagesiteid>
  </powerpagesiteid>
  <statecode>0</statecode>
  <statuscode>1</statuscode>
</powerpagecomponent>